img,acc,iou,acc_crf,iou_crf
../../tmm_dataset_sharing/datasets/test/image\100221.jpg,93.1604166667,66.8258721555,93.4920833333,66.6022739817
../../tmm_dataset_sharing/datasets/test/image\10032.jpg,93.5375,73.656013682,94.9120833333,80.1531327731
../../tmm_dataset_sharing/datasets/test/image\102478.jpg,93.6179166667,63.3870169846,92.63625,56.7546660291
../../tmm_dataset_sharing/datasets/test/image\102541.jpg,96.025,80.4689455312,96.7758333333,84.9293370656
../../tmm_dataset_sharing/datasets/test/image\103062.jpg,84.2845833333,38.9822881417,88.0991666667,54.0614382912
../../tmm_dataset_sharing/datasets/test/image\103368.jpg,95.31,82.8470696439,95.735,84.5207098117
../../tmm_dataset_sharing/datasets/test/image\103631.jpg,92.7175,76.6275612839,94.49625,84.2346462826
../../tmm_dataset_sharing/datasets/test/image\103819.jpg,96.35625,88.5239358385,97.1225,90.432254378
../../tmm_dataset_sharing/datasets/test/image\104001.jpg,84.5941666667,29.6337571552,84.6391666667,29.1970652275
../../tmm_dataset_sharing/datasets/test/image\104101.jpg,89.8758333333,63.1221517291,90.4466666667,65.0611364399
../../tmm_dataset_sharing/datasets/test/image\104183.jpg,90.2808333333,62.8863071898,90.8829166667,64.4903202129
../../tmm_dataset_sharing/datasets/test/image\104499.jpg,97.6791666667,89.4243567753,97.11875,87.6781391885
../../tmm_dataset_sharing/datasets/test/image\104589.jpg,92.28,74.3381853835,93.96125,80.449096099
../../tmm_dataset_sharing/datasets/test/image\104754.jpg,87.7508333333,38.5228510809,85.9870833333,27.4041570439
../../tmm_dataset_sharing/datasets/test/image\10477.jpg,96.8470833333,81.5074882545,97.2858333333,85.5758612091
../../tmm_dataset_sharing/datasets/test/image\104835.jpg,87.7708333333,45.0631134553,88.0145833333,45.444495723
../../tmm_dataset_sharing/datasets/test/image\105021.jpg,96.77875,91.7664470458,97.8441666667,94.4174823089
../../tmm_dataset_sharing/datasets/test/image\105231.jpg,95.46625,81.9216842734,96.4254166667,85.8823677932
../../tmm_dataset_sharing/datasets/test/image\105274.jpg,89.7708333333,55.2729230355,90.1170833333,55.7622962642
../../tmm_dataset_sharing/datasets/test/image\10556.jpg,93.4304166667,78.6917390191,95.03375,82.9201716279
../../tmm_dataset_sharing/datasets/test/image\105845.jpg,92.5225,74.7742113032,94.0333333333,79.7307740247
../../tmm_dataset_sharing/datasets/test/image\106049.jpg,93.7995833333,78.7129862935,95.0316666667,82.9397536973
../../tmm_dataset_sharing/datasets/test/image\106101.jpg,93.49875,77.9273157687,94.4816666667,81.2812240265
../../tmm_dataset_sharing/datasets/test/image\106320.jpg,92.3666666667,68.4228524782,93.90375,74.633848883
../../tmm_dataset_sharing/datasets/test/image\106419.jpg,89.26625,57.6927265347,89.1870833333,56.9884248636
../../tmm_dataset_sharing/datasets/test/image\10643.jpg,92.20125,68.1115921116,93.44125,72.8332440089
../../tmm_dataset_sharing/datasets/test/image\106830.jpg,83.2591666667,34.063402151,84.0408333333,33.5229989033
../../tmm_dataset_sharing/datasets/test/image\10708.jpg,94.5979166667,74.9039209676,94.3266666667,72.0945220193
../../tmm_dataset_sharing/datasets/test/image\107115.jpg,91.1608333333,69.67493195,91.5545833333,71.2225800214
../../tmm_dataset_sharing/datasets/test/image\107560.jpg,95.2370833333,81.5393940893,96.21,86.1891030505
../../tmm_dataset_sharing/datasets/test/image\108366.jpg,94.6108333333,81.0472832629,95.22,82.9137867912
../../tmm_dataset_sharing/datasets/test/image\109454.jpg,93.7720833333,71.5689580983,94.4283333333,73.8912963029
../../tmm_dataset_sharing/datasets/test/image\10947.jpg,90.145,61.5560433182,89.66,59.3221587769
../../tmm_dataset_sharing/datasets/test/image\109496.jpg,95.9645833333,88.1365080747,95.8916666667,88.9683558309
../../tmm_dataset_sharing/datasets/test/image\109781.jpg,93.3583333333,68.4420492721,93.105,67.7538988208
../../tmm_dataset_sharing/datasets/test/image\11010.jpg,74.9725,23.4878870528,74.98625,22.0613635377
../../tmm_dataset_sharing/datasets/test/image\110393.jpg,85.5125,59.5713967008,86.575,61.710582305
../../tmm_dataset_sharing/datasets/test/image\111723.jpg,89.0783333333,53.102754958,91.99375,66.5684800507
../../tmm_dataset_sharing/datasets/test/image\11260.jpg,92.0345833333,59.5570160356,92.2825,60.3464182227
../../tmm_dataset_sharing/datasets/test/image\113128.jpg,90.12125,69.2375122914,90.1825,68.45810896
../../tmm_dataset_sharing/datasets/test/image\113416.jpg,93.6391666667,75.4168001831,95.02625,80.6101415418
../../tmm_dataset_sharing/datasets/test/image\113932.jpg,92.1270833333,72.5738081455,92.1379166667,72.2428003491
../../tmm_dataset_sharing/datasets/test/image\114288.jpg,88.29125,48.7569817107,88.9895833333,51.2394407943
../../tmm_dataset_sharing/datasets/test/image\116147.jpg,95.7125,84.5177476896,96.3466666667,86.9570781125
../../tmm_dataset_sharing/datasets/test/image\11709.jpg,90.7,58.9866397782,91.8075,64.6374389303
../../tmm_dataset_sharing/datasets/test/image\117697.jpg,95.7029166667,79.5879712514,96.625,83.0681925151
../../tmm_dataset_sharing/datasets/test/image\118698.jpg,96.9675,87.5397960596,97.0958333333,87.79950363
../../tmm_dataset_sharing/datasets/test/image\118853.jpg,90.05,64.9910331455,90.75875,65.9194500486
../../tmm_dataset_sharing/datasets/test/image\11918.jpg,88.76125,63.8950839265,88.89,66.9346207273
../../tmm_dataset_sharing/datasets/test/image\120646.jpg,87.8404166667,38.6529133238,88.4295833333,40.8063122732
../../tmm_dataset_sharing/datasets/test/image\120874.jpg,94.67375,86.3460890946,96.49125,90.9309081723
../../tmm_dataset_sharing/datasets/test/image\121266.jpg,96.6125,79.9214277013,97.6025,85.5644171779
../../tmm_dataset_sharing/datasets/test/image\121268.jpg,92.0891666667,67.4137139073,94.9,78.2896504293
../../tmm_dataset_sharing/datasets/test/image\122697.jpg,90.22875,63.1920098199,90.6529166667,64.2093998351
../../tmm_dataset_sharing/datasets/test/image\123028.jpg,94.9166666667,84.3148887065,96.2208333333,88.9754956083
../../tmm_dataset_sharing/datasets/test/image\12325.jpg,90.65,64.4787143228,88.3766666667,53.6995568657
../../tmm_dataset_sharing/datasets/test/image\124226.jpg,87.8129166667,44.2376246078,89.8808333333,54.3493557324
../../tmm_dataset_sharing/datasets/test/image\12459.jpg,92.79125,67.856901027,93.35,69.6364544093
../../tmm_dataset_sharing/datasets/test/image\127852.jpg,91.09875,56.7422613681,91.9070833333,61.3965838955
../../tmm_dataset_sharing/datasets/test/image\128119.jpg,91.5325,64.0110307909,91.2391666667,61.8742028868
../../tmm_dataset_sharing/datasets/test/image\128323.jpg,91.0220833333,61.215303826,91.6025,63.3838576457
../../tmm_dataset_sharing/datasets/test/image\1285.jpg,93.28875,76.3934367882,94.1229166667,79.8999016892
../../tmm_dataset_sharing/datasets/test/image\12877.jpg,90.705,55.8532337168,91.5916666667,60.0547419642
../../tmm_dataset_sharing/datasets/test/image\12910.jpg,92.5808333333,64.0129507252,92.8058333333,63.2635458324
../../tmm_dataset_sharing/datasets/test/image\129430.jpg,90.32,71.9249473237,91.1691666667,73.7534343135
../../tmm_dataset_sharing/datasets/test/image\129913.jpg,86.59125,56.1741531029,86.4320833333,53.0547479426
../../tmm_dataset_sharing/datasets/test/image\129960.jpg,94.1045833333,80.9896292811,94.3229166667,81.8188172097
../../tmm_dataset_sharing/datasets/test/image\130306.jpg,97.0808333333,91.0569105691,97.19375,91.4699305849
../../tmm_dataset_sharing/datasets/test/image\130918.jpg,90.0375,45.4003280155,90.94,49.1808218146
../../tmm_dataset_sharing/datasets/test/image\131409.jpg,96.7579166667,87.4226718805,97.3016666667,89.4545226943
../../tmm_dataset_sharing/datasets/test/image\13233.jpg,87.4541666667,49.2088294632,87.5983333333,49.0626087821
../../tmm_dataset_sharing/datasets/test/image\132530.jpg,94.2883333333,70.410022779,95.2404166667,75.2262543389
../../tmm_dataset_sharing/datasets/test/image\132743.jpg,94.69625,87.449086256,96.1108333333,91.0032207159
../../tmm_dataset_sharing/datasets/test/image\13386.jpg,95.0666666667,80.1744287459,95.7945833333,84.2021535503
../../tmm_dataset_sharing/datasets/test/image\134101.jpg,94.595,78.2478944891,97.2629166667,89.7897359243
../../tmm_dataset_sharing/datasets/test/image\134447.jpg,82.9308333333,28.9925721828,84.7675,37.5239649595
../../tmm_dataset_sharing/datasets/test/image\134526.jpg,90.8516666667,61.5300634831,91.54125,62.6337356046
../../tmm_dataset_sharing/datasets/test/image\135478.jpg,86.54,41.7298103726,87.66625,46.1078724342
../../tmm_dataset_sharing/datasets/test/image\135684.jpg,93.7795833333,75.3118125544,94.70375,79.5959430888
../../tmm_dataset_sharing/datasets/test/image\136647.jpg,94.7095833333,80.1703445606,95.55625,83.5864706798
../../tmm_dataset_sharing/datasets/test/image\137175.jpg,93.0904166667,57.4492508458,94.4795833333,65.3916768666
../../tmm_dataset_sharing/datasets/test/image\137912.jpg,95.2741666667,81.2965032732,97.4529166667,90.3473475868
../../tmm_dataset_sharing/datasets/test/image\138458.jpg,92.1520833333,70.9196649598,92.6070833333,71.790079806
../../tmm_dataset_sharing/datasets/test/image\138615.jpg,94.9891666667,81.1174559228,97.0541666667,88.7914717507
../../tmm_dataset_sharing/datasets/test/image\138618.jpg,86.1704166667,46.9773489117,85.5029166667,43.435578442
../../tmm_dataset_sharing/datasets/test/image\138673.jpg,96.9258333333,88.3134171581,96.5241666667,87.9441886788
../../tmm_dataset_sharing/datasets/test/image\14264.jpg,93.8958333333,77.6293054973,95.58375,85.2568883473
../../tmm_dataset_sharing/datasets/test/image\142692.jpg,87.9,31.7066113103,88.7179166667,35.9029608599
../../tmm_dataset_sharing/datasets/test/image\144883.jpg,90.7741666667,62.6998970307,90.3458333333,58.9705297764
../../tmm_dataset_sharing/datasets/test/image\14523.jpg,92.9633333333,80.0786051907,93.8016666667,82.7416365081
../../tmm_dataset_sharing/datasets/test/image\145827.jpg,93.56875,65.2801171732,93.5725,65.0054892866
../../tmm_dataset_sharing/datasets/test/image\147534.jpg,94.8479166667,83.0297599396,95.78375,86.373846241
../../tmm_dataset_sharing/datasets/test/image\147833.jpg,94.3204166667,81.1577904967,95.2166666667,83.6517543488
../../tmm_dataset_sharing/datasets/test/image\147953.jpg,91.7625,52.8064870808,91.6220833333,52.7012689386
../../tmm_dataset_sharing/datasets/test/image\148229.jpg,96.8620833333,90.0471278054,97.0675,90.8568941215
../../tmm_dataset_sharing/datasets/test/image\148936.jpg,91.1783333333,71.0105708937,91.4658333333,71.8309040322
../../tmm_dataset_sharing/datasets/test/image\149188.jpg,88.3608333333,61.8086215695,88.8029166667,64.3575495959
../../tmm_dataset_sharing/datasets/test/image\149699.jpg,91.9145833333,51.697119287,92.24125,52.5621144767
../../tmm_dataset_sharing/datasets/test/image\150805.jpg,87.1204166667,39.4083068738,86.5104166667,35.37522411
../../tmm_dataset_sharing/datasets/test/image\150857.jpg,93.4204166667,84.2658454535,93.05125,83.9361299425
../../tmm_dataset_sharing/datasets/test/image\152308.jpg,91.81375,69.5747767555,92.97125,72.9416647119
../../tmm_dataset_sharing/datasets/test/image\152410.jpg,92.9320833333,71.4744280236,93.1045833333,71.2247024626
../../tmm_dataset_sharing/datasets/test/image\152887.jpg,93.9916666667,77.163638449,94.2366666667,78.2254711417
../../tmm_dataset_sharing/datasets/test/image\153028.jpg,96.64875,89.2956951031,97.6854166667,92.5964650236
../../tmm_dataset_sharing/datasets/test/image\153169.jpg,95.0879166667,87.1128444979,96.1816666667,90.5264616877
../../tmm_dataset_sharing/datasets/test/image\153278.jpg,95.76375,86.4464969588,96.7291666667,88.660035954
../../tmm_dataset_sharing/datasets/test/image\154943.jpg,89.5066666667,56.8750537449,91.58125,64.1732197704
../../tmm_dataset_sharing/datasets/test/image\155007.jpg,91.6241666667,63.4593235204,92.4808333333,66.46165095
../../tmm_dataset_sharing/datasets/test/image\156555.jpg,90.8020833333,67.7754467558,92.1479166667,72.2157645592
../../tmm_dataset_sharing/datasets/test/image\15709.jpg,95.0429166667,81.1245830465,96.3216666667,87.954951243
../../tmm_dataset_sharing/datasets/test/image\15799.jpg,90.7945833333,37.4570328613,89.8675,28.9315027328
../../tmm_dataset_sharing/datasets/test/image\158421.jpg,93.55625,80.3268384664,94.3170833333,82.6588465298
../../tmm_dataset_sharing/datasets/test/image\158563.jpg,77.2991666667,23.0052625304,77.2075,19.8656252477
../../tmm_dataset_sharing/datasets/test/image\159039.jpg,82.5858333333,26.7490594359,82.1766666667,24.2257147249
../../tmm_dataset_sharing/datasets/test/image\159634.jpg,96.3225,89.7714586951,97.4595833333,92.9610738255
../../tmm_dataset_sharing/datasets/test/image\162310.jpg,91.00625,60.9871215697,90.6920833333,56.4495024465
../../tmm_dataset_sharing/datasets/test/image\16360.jpg,91.1383333333,67.9559075932,92.06125,71.2918012494
../../tmm_dataset_sharing/datasets/test/image\164242.jpg,87.9541666667,53.154487289,87.8341666667,52.5639380509
../../tmm_dataset_sharing/datasets/test/image\164259.jpg,86.5979166667,59.6433849177,87.7545833333,61.9998430265
../../tmm_dataset_sharing/datasets/test/image\164618.jpg,94.6183333333,83.2777489562,96.0104166667,88.5691686441
../../tmm_dataset_sharing/datasets/test/image\165577.jpg,88.82375,52.0318238765,90.9770833333,64.3594646272
../../tmm_dataset_sharing/datasets/test/image\168538.jpg,87.3920833333,52.441942041,87.87,52.9219884631
../../tmm_dataset_sharing/datasets/test/image\168749.jpg,96.25875,88.3728576002,96.4133333333,89.3512157502
../../tmm_dataset_sharing/datasets/test/image\16901.jpg,85.7204166667,29.1820208625,85.8254166667,28.3211678832
../../tmm_dataset_sharing/datasets/test/image\169122.jpg,89.66875,63.6699652224,90.26875,64.355174809
../../tmm_dataset_sharing/datasets/test/image\169413.jpg,90.37625,42.5336703714,90.6375,42.8836883635
../../tmm_dataset_sharing/datasets/test/image\170152.jpg,94.9675,79.1100859407,94.0558333333,74.5700599429
../../tmm_dataset_sharing/datasets/test/image\170390.jpg,92.5558333333,72.0927262905,93.3791666667,74.8444639107
../../tmm_dataset_sharing/datasets/test/image\170525.jpg,89.6241666667,26.9152041878,88.2391666667,16.7698245103
../../tmm_dataset_sharing/datasets/test/image\171241.jpg,87.3979166667,30.7083217014,88.21375,35.2024520915
../../tmm_dataset_sharing/datasets/test/image\171386.jpg,91.0254166667,69.177363506,91.6204166667,71.1032905156
../../tmm_dataset_sharing/datasets/test/image\171724.jpg,97.0470833333,88.4921647695,97.9216666667,91.6423687266
../../tmm_dataset_sharing/datasets/test/image\172131.jpg,86.23625,53.8703474593,86.82625,55.1471858545
../../tmm_dataset_sharing/datasets/test/image\172220.jpg,88.54375,51.1754598352,88.78125,50.6285793415
../../tmm_dataset_sharing/datasets/test/image\172478.jpg,93.4925,79.5993382071,94.8708333333,83.6849781235
../../tmm_dataset_sharing/datasets/test/image\173012.jpg,96.56,90.6711436878,97.2208333333,92.7543839504
../../tmm_dataset_sharing/datasets/test/image\173015.jpg,95.1945833333,76.910649374,96.1041666667,80.397153423
../../tmm_dataset_sharing/datasets/test/image\17438.jpg,93.6195833333,77.3717371737,95.8241666667,85.651214128
../../tmm_dataset_sharing/datasets/test/image\176420.jpg,91.74125,72.1595851597,92.9704166667,75.8888181625
../../tmm_dataset_sharing/datasets/test/image\176473.jpg,96.6508333333,89.1267893661,97.6916666667,92.1288656095
../../tmm_dataset_sharing/datasets/test/image\176801.jpg,94.1316666667,76.0780172808,97.1008333333,88.1886895547
../../tmm_dataset_sharing/datasets/test/image\177561.jpg,91.8954166667,86.9409767064,93.1291666667,89.1479702296
../../tmm_dataset_sharing/datasets/test/image\177668.jpg,83.4404166667,49.5772304503,84.21875,51.5715813931
../../tmm_dataset_sharing/datasets/test/image\177993.jpg,94.6204166667,81.6136225421,94.64375,82.0278683664
../../tmm_dataset_sharing/datasets/test/image\178196.jpg,93.92125,75.3141197588,94.2991666667,76.4955701861
../../tmm_dataset_sharing/datasets/test/image\178216.jpg,88.21,61.098075208,89.3254166667,64.3422224551
../../tmm_dataset_sharing/datasets/test/image\178302.jpg,97.0370833333,84.7487001733,97.4629166667,86.3996215108
../../tmm_dataset_sharing/datasets/test/image\178572.jpg,88.8229166667,53.3043902743,89.2170833333,53.6841111892
../../tmm_dataset_sharing/datasets/test/image\178959.jpg,90.6804166667,69.1814313838,91.50625,71.7912184465
../../tmm_dataset_sharing/datasets/test/image\179294.jpg,89.14375,65.2077499555,92.6079166667,75.8085911272
../../tmm_dataset_sharing/datasets/test/image\179563.jpg,91.1820833333,63.700273102,93.1,72.3589830652
../../tmm_dataset_sharing/datasets/test/image\180212.jpg,88.2991666667,51.4899198445,88.08375,50.0637016447
../../tmm_dataset_sharing/datasets/test/image\181299.jpg,94.0979166667,78.0988312323,96.9045833333,90.226809887
../../tmm_dataset_sharing/datasets/test/image\18136.jpg,96.57625,87.8182817366,97.0854166667,89.273744155
../../tmm_dataset_sharing/datasets/test/image\181458.jpg,85.82875,39.2465930148,86.5895833333,42.369572861
../../tmm_dataset_sharing/datasets/test/image\181469.jpg,97.0816666667,92.3431785328,98.2125,95.195452669
../../tmm_dataset_sharing/datasets/test/image\181527.jpg,90.4054166667,59.3030448828,90.7629166667,59.4240290077
../../tmm_dataset_sharing/datasets/test/image\181777.jpg,79.7920833333,44.801363163,80.7416666667,46.8935326361
../../tmm_dataset_sharing/datasets/test/image\182095.jpg,95.0145833333,77.5615227288,96.8141666667,86.3620243521
../../tmm_dataset_sharing/datasets/test/image\182234.jpg,91.7704166667,69.2989620894,92.5220833333,70.1931478264
../../tmm_dataset_sharing/datasets/test/image\182376.jpg,92.6520833333,69.5061048941,93.645,73.0907769762
../../tmm_dataset_sharing/datasets/test/image\182490.jpg,93.4570833333,72.5225682118,94.0529166667,73.9957040355
../../tmm_dataset_sharing/datasets/test/image\182640.jpg,94.6229166667,79.4843575045,95.6325,83.4617687023
../../tmm_dataset_sharing/datasets/test/image\182740.jpg,92.8029166667,61.2510962472,93.43375,64.8966852357
../../tmm_dataset_sharing/datasets/test/image\182929.jpg,79.0316666667,23.389953975,78.5375,19.8074508162
../../tmm_dataset_sharing/datasets/test/image\182954.jpg,96.3920833333,88.4624176348,97.3658333333,92.1160406122
../../tmm_dataset_sharing/datasets/test/image\183067.jpg,96.54375,83.2476248584,97.4825,87.4784935959
../../tmm_dataset_sharing/datasets/test/image\183082.jpg,87.9041666667,48.8334181316,86.7841666667,42.8610951499
../../tmm_dataset_sharing/datasets/test/image\183216.jpg,94.9554166667,73.785246006,94.8279166667,72.4064130003
../../tmm_dataset_sharing/datasets/test/image\183227.jpg,89.765,59.6157062808,90.0158333333,61.803518256
../../tmm_dataset_sharing/datasets/test/image\183436.jpg,95.3825,81.7493490817,96.7366666667,88.2788688614
../../tmm_dataset_sharing/datasets/test/image\183956.jpg,90.4858333333,64.1521942029,91.2608333333,66.0616071272
../../tmm_dataset_sharing/datasets/test/image\184076.jpg,95.06125,83.4913976788,95.5133333333,84.4588094314
../../tmm_dataset_sharing/datasets/test/image\184475.jpg,93.4758333333,81.7569739779,94.75625,84.6003787338
../../tmm_dataset_sharing/datasets/test/image\184559.jpg,93.9183333333,77.5134059018,94.25875,78.8286713287
../../tmm_dataset_sharing/datasets/test/image\184658.jpg,89.855,48.7926906262,90.155,48.8532610012
../../tmm_dataset_sharing/datasets/test/image\184671.jpg,89.51,49.5846949082,90.5795833333,55.4555363682
../../tmm_dataset_sharing/datasets/test/image\184804.jpg,92.3504166667,60.1041483233,92.7241666667,59.9262414295
../../tmm_dataset_sharing/datasets/test/image\184826.jpg,88.81375,49.3324700151,88.51625,46.7298460004
../../tmm_dataset_sharing/datasets/test/image\185145.jpg,95.2591666667,78.855970777,96.5295833333,84.2010914578
../../tmm_dataset_sharing/datasets/test/image\185281.jpg,90.545,60.0677981123,92.4308333333,64.9084612695
../../tmm_dataset_sharing/datasets/test/image\185284.jpg,93.5529166667,74.2737045343,94.1954166667,76.9528009873
../../tmm_dataset_sharing/datasets/test/image\185315.jpg,94.7620833333,77.5992983914,94.0858333333,72.261604251
../../tmm_dataset_sharing/datasets/test/image\185385.jpg,94.9208333333,81.9049698317,95.9233333333,85.1300408971
../../tmm_dataset_sharing/datasets/test/image\185438.jpg,90.8479166667,66.1527623209,89.28125,58.0073708016
../../tmm_dataset_sharing/datasets/test/image\185449.jpg,94.1695833333,70.8105848524,96.3558333333,82.44577431
../../tmm_dataset_sharing/datasets/test/image\185592.jpg,94.1695833333,74.8808498769,95.6154166667,81.9950772094
../../tmm_dataset_sharing/datasets/test/image\185654.jpg,90.4725,52.6521764602,92.26125,60.803114067
../../tmm_dataset_sharing/datasets/test/image\185747.jpg,82.7245833333,42.4086992204,81.8895833333,38.7655883319
../../tmm_dataset_sharing/datasets/test/image\185787.jpg,91.8154166667,55.0768267783,91.5191666667,52.9790893164
../../tmm_dataset_sharing/datasets/test/image\186042.jpg,93.9866666667,80.2549392201,94.8916666667,83.8683119872
../../tmm_dataset_sharing/datasets/test/image\186083.jpg,95.9258333333,87.0501464639,96.74625,90.3571460199
../../tmm_dataset_sharing/datasets/test/image\186282.jpg,88.83625,56.6172085042,90.2325,60.0960384154
../../tmm_dataset_sharing/datasets/test/image\186745.jpg,90.6758333333,56.2107795853,91.8675,61.0526773296
../../tmm_dataset_sharing/datasets/test/image\186880.jpg,89.4016666667,41.2850207281,89.6383333333,41.8746344317
../../tmm_dataset_sharing/datasets/test/image\186891.jpg,93.155,78.9963777719,92.9495833333,78.4891897041
../../tmm_dataset_sharing/datasets/test/image\186913.jpg,95.8729166667,82.749530873,96.8666666667,87.2231302485
../../tmm_dataset_sharing/datasets/test/image\186968.jpg,84.6108333333,31.7171540473,82.8379166667,22.9120031836
../../tmm_dataset_sharing/datasets/test/image\187016.jpg,95.0633333333,84.0069543474,96.1779166667,88.5984641258
../../tmm_dataset_sharing/datasets/test/image\187097.jpg,87.2045833333,45.0930302726,87.0416666667,43.1631951922
../../tmm_dataset_sharing/datasets/test/image\187150.jpg,93.53375,74.6317981031,94.8954166667,78.7952853031
../../tmm_dataset_sharing/datasets/test/image\187882.jpg,90.09875,66.3442052856,91.3195833333,68.6419179945
../../tmm_dataset_sharing/datasets/test/image\187996.jpg,89.7304166667,69.7577371339,92.1116666667,77.3980970079
../../tmm_dataset_sharing/datasets/test/image\188171.jpg,91.3645833333,82.3105527832,94.0029166667,88.533087818
../../tmm_dataset_sharing/datasets/test/image\188262.jpg,92.8325,73.2690179941,96.3691666667,88.8906195242
../../tmm_dataset_sharing/datasets/test/image\188845.jpg,94.1291666667,70.0237262737,94.6341666667,72.7380029002
../../tmm_dataset_sharing/datasets/test/image\18885.jpg,95.0058333333,79.4350206123,95.29,80.6484084835
../../tmm_dataset_sharing/datasets/test/image\188983.jpg,93.6495833333,85.2035905182,93.57375,84.9483116197
../../tmm_dataset_sharing/datasets/test/image\189145.jpg,94.65875,75.9914575057,94.1141666667,73.6522399393
../../tmm_dataset_sharing/datasets/test/image\189146.jpg,94.8766666667,73.055157085,95.9875,79.4798785118
../../tmm_dataset_sharing/datasets/test/image\189750.jpg,90.6933333333,56.9781494989,90.4979166667,55.4313803526
../../tmm_dataset_sharing/datasets/test/image\189910.jpg,95.3058333333,83.2858541796,95.70125,83.8821368005
../../tmm_dataset_sharing/datasets/test/image\190057.jpg,92.595,57.943245915,92.19625,53.5951755064
../../tmm_dataset_sharing/datasets/test/image\190109.jpg,92.2929166667,53.7146001131,92.4354166667,52.4845709433
../../tmm_dataset_sharing/datasets/test/image\190182.jpg,91.9395833333,72.4943728259,94.3441666667,81.2383870248
../../tmm_dataset_sharing/datasets/test/image\190276.jpg,92.39875,58.8048331357,91.8545833333,54.9568772759
../../tmm_dataset_sharing/datasets/test/image\190385.jpg,89.4366666667,57.2900566718,89.3329166667,58.6617854274
../../tmm_dataset_sharing/datasets/test/image\190541.jpg,84.4633333333,39.2363600069,85.6816666667,43.8802664714
../../tmm_dataset_sharing/datasets/test/image\190651.jpg,87.1233333333,41.2473219686,87.75125,43.3200787079
../../tmm_dataset_sharing/datasets/test/image\190668.jpg,90.5558333333,72.5672442778,90.3354166667,73.4674604112
../../tmm_dataset_sharing/datasets/test/image\190705.jpg,89.2495833333,54.0820699897,90.7483333333,60.0217181227
../../tmm_dataset_sharing/datasets/test/image\190949.jpg,94.8583333333,81.253387856,96.0970833333,84.6732772494
../../tmm_dataset_sharing/datasets/test/image\191067.jpg,90.7566666667,71.0535293388,93.1825,78.1686053261
../../tmm_dataset_sharing/datasets/test/image\191222.jpg,95.0804166667,74.7910602521,95.2554166667,75.4633380596
../../tmm_dataset_sharing/datasets/test/image\191344.jpg,87.9883333333,51.619219324,86.2754166667,43.1214425884
../../tmm_dataset_sharing/datasets/test/image\191664.jpg,84.5004166667,38.3506096169,86.3366666667,45.4472391181
../../tmm_dataset_sharing/datasets/test/image\192042.jpg,93.2683333333,70.2036463567,93.6245833333,71.78905054
../../tmm_dataset_sharing/datasets/test/image\192647.jpg,89.1866666667,62.0205507016,89.2766666667,62.1519786176
../../tmm_dataset_sharing/datasets/test/image\193728.jpg,87.9404166667,31.5827673804,88.035,30.834715168
../../tmm_dataset_sharing/datasets/test/image\194242.jpg,93.9366666667,77.310245211,94.2566666667,78.1859871733
../../tmm_dataset_sharing/datasets/test/image\194270.jpg,91.2208333333,67.7869016242,92.3141666667,72.3991971921
../../tmm_dataset_sharing/datasets/test/image\194272.jpg,94.2941666667,78.2726593557,95.19375,81.4049703076
../../tmm_dataset_sharing/datasets/test/image\19435.jpg,86.4033333333,32.3389567851,86.93625,33.0218808249
../../tmm_dataset_sharing/datasets/test/image\19689.jpg,97.015,88.9568845619,97.1525,89.2221406741
../../tmm_dataset_sharing/datasets/test/image\20136.jpg,85.7841666667,55.6090075178,86.9291666667,60.416406264
../../tmm_dataset_sharing/datasets/test/image\20893.jpg,95.07875,81.0688754762,95.6970833333,82.2846630604
../../tmm_dataset_sharing/datasets/test/image\20981.jpg,87.5241666667,44.9124261991,87.80875,45.4744439186
../../tmm_dataset_sharing/datasets/test/image\21482.jpg,93.955,75.8175974699,93.8595833333,74.5648272995
../../tmm_dataset_sharing/datasets/test/image\2207.jpg,96.3983333333,90.2292589073,97.45875,92.7867030881
../../tmm_dataset_sharing/datasets/test/image\22226.jpg,87.16,69.1273331509,88.3083333333,73.261278832
../../tmm_dataset_sharing/datasets/test/image\22427.jpg,89.8258333333,63.6086725876,90.48125,64.1626344554
../../tmm_dataset_sharing/datasets/test/image\23006.jpg,95.4833333333,82.5340399862,95.85,85.1655802966
../../tmm_dataset_sharing/datasets/test/image\23236.jpg,91.3179166667,77.196587469,92.4454166667,81.9424834659
../../tmm_dataset_sharing/datasets/test/image\2340.jpg,96.3629166667,85.9272185262,97.05375,89.4739457794
../../tmm_dataset_sharing/datasets/test/image\2380.jpg,95.2233333333,81.6511813651,96.7229166667,88.4908966097
../../tmm_dataset_sharing/datasets/test/image\2409.jpg,97.23625,84.7812401637,97.3516666667,85.049342634
../../tmm_dataset_sharing/datasets/test/image\24114.jpg,87.0354166667,54.5015510115,87.2675,54.6645201779
../../tmm_dataset_sharing/datasets/test/image\27328.jpg,94.7466666667,85.3772606408,95.7083333333,88.0077979416
../../tmm_dataset_sharing/datasets/test/image\28192.jpg,94.785,79.7167918363,95.5283333333,83.3299386039
../../tmm_dataset_sharing/datasets/test/image\28748.jpg,84.9008333333,37.0163232032,84.9095833333,35.6262259663
../../tmm_dataset_sharing/datasets/test/image\28803.jpg,87.3108333333,57.6772660517,87.6158333333,56.9967236688
../../tmm_dataset_sharing/datasets/test/image\29590.jpg,82.5266666667,36.92991288,83.3945833333,39.8253806439
../../tmm_dataset_sharing/datasets/test/image\29675.jpg,95.8375,81.423007615,97.5020833333,90.425332144
../../tmm_dataset_sharing/datasets/test/image\29780.jpg,88.7016666667,58.6357947434,88.6583333333,57.6327859669
../../tmm_dataset_sharing/datasets/test/image\29809.jpg,95.7620833333,81.8149445753,97.19625,89.0596238495
../../tmm_dataset_sharing/datasets/test/image\2988.jpg,93.5175,74.7920080005,95.2554166667,82.8722842818
../../tmm_dataset_sharing/datasets/test/image\30288.jpg,94.0908333333,73.2029240558,95.6983333333,80.7916973856
../../tmm_dataset_sharing/datasets/test/image\30742.jpg,92.2075,75.3648283039,94.6175,84.3451813974
../../tmm_dataset_sharing/datasets/test/image\3085.jpg,92.7695833333,64.3457117595,93.08125,64.3671536322
../../tmm_dataset_sharing/datasets/test/image\31697.jpg,82.9941666667,31.9137609795,82.7195833333,29.6281862789
../../tmm_dataset_sharing/datasets/test/image\31847.jpg,92.2320833333,68.4641130532,93.57375,73.4919286321
../../tmm_dataset_sharing/datasets/test/image\31988.jpg,96.62375,87.7906909377,96.5733333333,87.8108535614
../../tmm_dataset_sharing/datasets/test/image\3271.jpg,94.1758333333,84.3779383283,95.8854166667,89.6484612578
../../tmm_dataset_sharing/datasets/test/image\33172.jpg,90.21625,61.9236156504,90.8604166667,63.0974746283
../../tmm_dataset_sharing/datasets/test/image\33272.jpg,88.5975,59.1095074805,90.24,64.1273905737
../../tmm_dataset_sharing/datasets/test/image\3396.jpg,90.0795833333,51.3471812822,90.7125,53.2608312683
../../tmm_dataset_sharing/datasets/test/image\35780.jpg,97.0854166667,90.5380472259,97.6608333333,92.2858848105
../../tmm_dataset_sharing/datasets/test/image\36263.jpg,89.955,62.8450792795,88.8241666667,56.8264808997
../../tmm_dataset_sharing/datasets/test/image\36480.jpg,95.395,86.7080555697,96.1645833333,89.2747369412
../../tmm_dataset_sharing/datasets/test/image\37004.jpg,95.3870833333,82.146376828,97.1091666667,90.0236749397
../../tmm_dataset_sharing/datasets/test/image\37584.jpg,90.2245833333,63.1506740891,92.50125,72.0531315975
../../tmm_dataset_sharing/datasets/test/image\38023.jpg,91.48875,66.1530428482,91.6495833333,66.3762704833
../../tmm_dataset_sharing/datasets/test/image\38047.jpg,90.12,64.4946605321,91.34625,68.5472210243
../../tmm_dataset_sharing/datasets/test/image\39123.jpg,94.5616666667,75.5810556575,95.3070833333,78.7936110093
../../tmm_dataset_sharing/datasets/test/image\39359.jpg,87.2120833333,52.5279851555,87.50375,52.8072420575
../../tmm_dataset_sharing/datasets/test/image\39398.jpg,97.7954166667,92.2992747928,98.4683333333,94.4361471215
../../tmm_dataset_sharing/datasets/test/image\39606.jpg,92.8875,74.1582046561,92.4395833333,71.6437506838
../../tmm_dataset_sharing/datasets/test/image\3980.jpg,87.9329166667,62.1403335486,88.0570833333,62.0764401229
../../tmm_dataset_sharing/datasets/test/image\40836.jpg,87.8316666667,46.4907195525,85.5483333333,33.5165404957
../../tmm_dataset_sharing/datasets/test/image\41127.jpg,95.65,82.7759197324,96.1433333333,85.604329525
../../tmm_dataset_sharing/datasets/test/image\41134.jpg,94.6241666667,85.6571290895,96.3066666667,90.7445110073
../../tmm_dataset_sharing/datasets/test/image\41655.jpg,93.4591666667,67.436462534,94.3991666667,72.4387841261
../../tmm_dataset_sharing/datasets/test/image\41804.jpg,93.2525,68.9715975671,93.28625,67.9105149442
../../tmm_dataset_sharing/datasets/test/image\43634.jpg,92.2954166667,69.0317856749,91.6658333333,65.6503280587
../../tmm_dataset_sharing/datasets/test/image\43648.jpg,86.2279166667,38.9513886006,87.3641666667,43.5197760181
../../tmm_dataset_sharing/datasets/test/image\43665.jpg,93.8358333333,79.347446106,95.26,85.7449489977
../../tmm_dataset_sharing/datasets/test/image\43737.jpg,91.6170833333,70.8373435996,92.47375,72.4292540782
../../tmm_dataset_sharing/datasets/test/image\43808.jpg,88.3145833333,38.3277420746,88.0483333333,36.2248840804
../../tmm_dataset_sharing/datasets/test/image\44058.jpg,93.325,76.0740325294,95.3833333333,84.3066248745
../../tmm_dataset_sharing/datasets/test/image\44137.jpg,94.4083333333,77.7242739866,94.5795833333,78.7034355526
../../tmm_dataset_sharing/datasets/test/image\44187.jpg,91.7966666667,59.4973842468,92.3116666667,61.5249073088
../../tmm_dataset_sharing/datasets/test/image\44197.jpg,86.56625,44.4765025652,86.1604166667,41.6423707636
../../tmm_dataset_sharing/datasets/test/image\44313.jpg,89.9575,46.7760318619,90.1379166667,47.8138725122
../../tmm_dataset_sharing/datasets/test/image\44905.jpg,88.4445833333,64.2152780821,88.7241666667,64.6088025124
../../tmm_dataset_sharing/datasets/test/image\45296.jpg,92.67,73.3511079157,93.46375,76.5520748576
../../tmm_dataset_sharing/datasets/test/image\45575.jpg,91.5070833333,62.1272092716,91.01625,58.7291491413
../../tmm_dataset_sharing/datasets/test/image\45773.jpg,91.5383333333,72.8146464197,93.09125,77.8727259372
../../tmm_dataset_sharing/datasets/test/image\46727.jpg,92.54875,61.8311705146,93.8270833333,67.9681099137
../../tmm_dataset_sharing/datasets/test/image\47081.jpg,93.91875,71.905693314,95.32,78.8529782523
../../tmm_dataset_sharing/datasets/test/image\47227.jpg,92.93,70.2928870293,93.0295833333,70.6049657119
../../tmm_dataset_sharing/datasets/test/image\47857.jpg,89.52375,61.1955268511,90.1945833333,62.894641176
../../tmm_dataset_sharing/datasets/test/image\48051.jpg,91.04,67.1388101983,91.8595833333,69.5539079336
../../tmm_dataset_sharing/datasets/test/image\48274.jpg,91.20125,64.4634208755,92.0491666667,66.4609487302
../../tmm_dataset_sharing/datasets/test/image\48288.jpg,89.6675,55.1504684395,90.8141666667,65.3736606537
../../tmm_dataset_sharing/datasets/test/image\48856.jpg,95.3133333333,82.0382646639,95.7391666667,83.673692019
../../tmm_dataset_sharing/datasets/test/image\49251.jpg,90.1979166667,72.2871342767,90.7158333333,74.3041386808
../../tmm_dataset_sharing/datasets/test/image\49453.jpg,89.2104166667,66.1786739918,88.3708333333,64.1039304977
../../tmm_dataset_sharing/datasets/test/image\49694.jpg,85.8033333333,44.969217085,86.7241666667,47.9664592159
../../tmm_dataset_sharing/datasets/test/image\49831.jpg,92.0316666667,67.5416184279,92.4070833333,68.4758028042
../../tmm_dataset_sharing/datasets/test/image\50164.jpg,94.4379166667,79.4182617822,96.17625,86.7631684761
../../tmm_dataset_sharing/datasets/test/image\50761.jpg,95.04375,84.7516217606,94.6191666667,83.6355858746
../../tmm_dataset_sharing/datasets/test/image\51379.jpg,91.3720833333,72.8605611693,92.1629166667,75.0074535016
../../tmm_dataset_sharing/datasets/test/image\51854.jpg,97.2195833333,85.2535093535,97.28375,86.3549702285
../../tmm_dataset_sharing/datasets/test/image\52071.jpg,91.1945833333,42.2913790522,90.21875,34.7862658345
../../tmm_dataset_sharing/datasets/test/image\52092.jpg,92.31875,63.6887505768,92.0308333333,61.9598548618
../../tmm_dataset_sharing/datasets/test/image\52345.jpg,97.195,89.9282988805,97.5016666667,90.1788275796
../../tmm_dataset_sharing/datasets/test/image\52750.jpg,90.48125,59.7523840051,89.9891666667,56.7869795143
../../tmm_dataset_sharing/datasets/test/image\5277.jpg,88.0129166667,39.7965555215,88.5891666667,41.7835694576
../../tmm_dataset_sharing/datasets/test/image\53137.jpg,96.42625,84.9883461202,96.92,86.3518192235
../../tmm_dataset_sharing/datasets/test/image\53324.jpg,91.0675,68.0297330862,91.93125,69.733885275
../../tmm_dataset_sharing/datasets/test/image\53365.jpg,90.50125,64.0216806125,91.3191666667,66.9765044773
../../tmm_dataset_sharing/datasets/test/image\53419.jpg,88.52375,64.2647470448,90.3425,70.1896100337
../../tmm_dataset_sharing/datasets/test/image\53952.jpg,87.75125,56.1513112167,87.2283333333,53.2350599572
../../tmm_dataset_sharing/datasets/test/image\54173.jpg,89.9454166667,61.4588057445,90.6825,62.4981786745
../../tmm_dataset_sharing/datasets/test/image\55939.jpg,90.7229166667,69.0536517118,92.3108333333,74.1585559319
../../tmm_dataset_sharing/datasets/test/image\56322.jpg,89.7416666667,67.3982508583,89.97125,66.5668701989
../../tmm_dataset_sharing/datasets/test/image\5663.jpg,97.5254166667,89.3492975371,97.905,91.1453457032
../../tmm_dataset_sharing/datasets/test/image\57325.jpg,96.32625,77.395110032,96.6695833333,78.7278101832
../../tmm_dataset_sharing/datasets/test/image\57598.jpg,94.8820833333,74.187668736,96.0816666667,80.7982176257
../../tmm_dataset_sharing/datasets/test/image\58125.jpg,93.3295833333,79.7234121976,93.5141666667,82.2001485843
../../tmm_dataset_sharing/datasets/test/image\58253.jpg,95.0079166667,83.3334971254,95.215,84.4041466316
../../tmm_dataset_sharing/datasets/test/image\58415.jpg,78.2866666667,22.8434918434,77.79125,20.673700561
../../tmm_dataset_sharing/datasets/test/image\58883.jpg,95.5841666667,83.973430179,95.7529166667,84.4940731186
../../tmm_dataset_sharing/datasets/test/image\59172.jpg,88.9916666667,53.3599829236,89.3041666667,52.9801452972
../../tmm_dataset_sharing/datasets/test/image\59246.jpg,97.7666666667,91.0422591931,97.9625,92.1971491824
../../tmm_dataset_sharing/datasets/test/image\60.jpg,91.0333333333,69.939968935,90.4079166667,66.4592082848
../../tmm_dataset_sharing/datasets/test/image\62482.jpg,92.4633333333,61.4101197412,93.2070833333,63.8113019666
../../tmm_dataset_sharing/datasets/test/image\62639.jpg,89.7716666667,47.316910209,89.8158333333,47.0721618658
../../tmm_dataset_sharing/datasets/test/image\62712.jpg,93.2329166667,72.5716217543,96.3516666667,86.2055730406
../../tmm_dataset_sharing/datasets/test/image\62748.jpg,96.1608333333,87.3874586266,96.8133333333,89.171886195
../../tmm_dataset_sharing/datasets/test/image\6286.jpg,90.4283333333,54.8136255257,91.2645833333,58.0343102216
../../tmm_dataset_sharing/datasets/test/image\62982.jpg,93.72125,81.5882811946,95.0179166667,86.2390375234
../../tmm_dataset_sharing/datasets/test/image\63421.jpg,97.10125,79.5209495464,98.50375,91.3379229957
../../tmm_dataset_sharing/datasets/test/image\63548.jpg,94.33625,74.9863553309,95.1433333333,77.260168193
../../tmm_dataset_sharing/datasets/test/image\63816.jpg,92.8558333333,71.6959781225,94.41,77.4510169808
../../tmm_dataset_sharing/datasets/test/image\65880.jpg,90.2208333333,60.4590458128,90.25875,58.8611254832
../../tmm_dataset_sharing/datasets/test/image\66535.jpg,94.1425,79.2345686315,96.1370833333,87.5712701932
../../tmm_dataset_sharing/datasets/test/image\67319.jpg,90.5683333333,54.9224818799,89.80125,50.3690800218
../../tmm_dataset_sharing/datasets/test/image\67606.jpg,96.20375,87.6147659155,96.3579166667,87.8890160183
../../tmm_dataset_sharing/datasets/test/image\67949.jpg,91.4783333333,60.8419238217,92.4641666667,62.7267407841
../../tmm_dataset_sharing/datasets/test/image\68444.jpg,95.2775,85.8356623812,95.7229166667,87.6669359821
../../tmm_dataset_sharing/datasets/test/image\69658.jpg,88.1570833333,57.8728295226,88.92625,60.0479332874
../../tmm_dataset_sharing/datasets/test/image\70300.jpg,97.965,90.0903974075,98.5383333333,92.6859478541
../../tmm_dataset_sharing/datasets/test/image\70665.jpg,92.8104166667,72.5463581904,93.1795833333,74.4512044726
../../tmm_dataset_sharing/datasets/test/image\72533.jpg,89.2345833333,52.0699690839,89.865,53.6154025152
../../tmm_dataset_sharing/datasets/test/image\72917.jpg,93.5420833333,70.3843893264,93.75375,70.9784411277
../../tmm_dataset_sharing/datasets/test/image\73048.jpg,96.89375,89.1397897165,97.54625,91.9936247414
../../tmm_dataset_sharing/datasets/test/image\74956.jpg,91.8691666667,65.1316979085,91.4566666667,62.6316057169
../../tmm_dataset_sharing/datasets/test/image\75625.jpg,91.6241666667,72.1298913775,94.1220833333,77.6929771708
../../tmm_dataset_sharing/datasets/test/image\77130.jpg,95.8229166667,87.0728955503,96.7608333333,89.9675482869
../../tmm_dataset_sharing/datasets/test/image\79957.jpg,95.5029166667,80.5432570121,96.6820833333,86.5863324641
../../tmm_dataset_sharing/datasets/test/image\80060.jpg,97.39625,89.042063409,98.1854166667,92.737931763
../../tmm_dataset_sharing/datasets/test/image\80613.jpg,87.92,44.3708958292,88.3733333333,45.2358236197
../../tmm_dataset_sharing/datasets/test/image\80841.jpg,92.71,65.9884355853,91.7433333333,61.9797525309
../../tmm_dataset_sharing/datasets/test/image\81448.jpg,95.3791666667,79.3075614119,97.2441666667,88.1533636025
../../tmm_dataset_sharing/datasets/test/image\81466.jpg,93.8975,79.6453587539,96.3154166667,90.0301263191
../../tmm_dataset_sharing/datasets/test/image\81469.jpg,93.9354166667,75.9891532109,94.8420833333,79.4426810668
../../tmm_dataset_sharing/datasets/test/image\83161.jpg,91.6970833333,67.4928468919,92.1216666667,68.0251178524
../../tmm_dataset_sharing/datasets/test/image\83301.jpg,92.30375,68.9184489654,91.40625,66.7495572003
../../tmm_dataset_sharing/datasets/test/image\83831.jpg,94.1366666667,78.7822703612,94.3058333333,78.834690084
../../tmm_dataset_sharing/datasets/test/image\84072.jpg,95.6,82.543231656,97.5041666667,90.7485557422
../../tmm_dataset_sharing/datasets/test/image\84891.jpg,94.0095833333,70.7369308008,94.0108333333,69.8180621503
../../tmm_dataset_sharing/datasets/test/image\85207.jpg,85.1866666667,57.0925096453,85.7558333333,57.7372793752
../../tmm_dataset_sharing/datasets/test/image\85498.jpg,94.7991666667,65.968487948,95.9241666667,76.7654734546
../../tmm_dataset_sharing/datasets/test/image\85612.jpg,94.965,75.1821446896,96.8875,85.8064265454
../../tmm_dataset_sharing/datasets/test/image\85741.jpg,96.0391666667,72.1330124699,96.6566666667,74.3389165671
../../tmm_dataset_sharing/datasets/test/image\86234.jpg,94.8858333333,83.7656045146,95.6041666667,85.8891623977
../../tmm_dataset_sharing/datasets/test/image\87026.jpg,93.0041666667,77.7402664473,95.5016666667,85.667842766
../../tmm_dataset_sharing/datasets/test/image\87956.jpg,92.9179166667,75.4217810994,93.4054166667,76.7943584534
../../tmm_dataset_sharing/datasets/test/image\8797.jpg,92.02125,81.9109356098,90.8441666667,79.6606947679
../../tmm_dataset_sharing/datasets/test/image\8801.jpg,86.8654166667,43.2228948817,86.9095833333,42.7948406501
../../tmm_dataset_sharing/datasets/test/image\88148.jpg,87.39625,50.8219397213,87.2266666667,47.9488884934
../../tmm_dataset_sharing/datasets/test/image\88380.jpg,91.7266666667,72.4592235883,92.6208333333,74.8025913702
../../tmm_dataset_sharing/datasets/test/image\88617.jpg,92.3141666667,73.7641587585,94.8054166667,82.2280906064
../../tmm_dataset_sharing/datasets/test/image\88622.jpg,93.6991666667,77.4597750249,95.9816666667,86.5016080842
../../tmm_dataset_sharing/datasets/test/image\89009.jpg,90.0879166667,56.0922322628,89.9483333333,54.5358871816
../../tmm_dataset_sharing/datasets/test/image\89135.jpg,86.9041666667,54.454768193,86.61625,52.2119113462
../../tmm_dataset_sharing/datasets/test/image\89435.jpg,97.3545833333,92.4124824777,97.3475,92.984730904
../../tmm_dataset_sharing/datasets/test/image\89538.jpg,95.445,81.5114286908,96.1008333333,83.8797579711
../../tmm_dataset_sharing/datasets/test/image\90599.jpg,88.37625,55.9714396318,87.96875,53.5431568908
../../tmm_dataset_sharing/datasets/test/image\9096.jpg,92.25125,75.6345942363,92.1208333333,74.3993925588
../../tmm_dataset_sharing/datasets/test/image\91857.jpg,92.32125,76.4440402816,92.985,77.1349719259
../../tmm_dataset_sharing/datasets/test/image\93387.jpg,92.41,71.6683583324,93.3970833333,75.1535549011
../../tmm_dataset_sharing/datasets/test/image\93834.jpg,96.1179166667,85.5298716973,96.0454166667,85.9227339052
../../tmm_dataset_sharing/datasets/test/image\94181.jpg,89.67375,60.6765442859,90.1541666667,60.9568187725
../../tmm_dataset_sharing/datasets/test/image\94218.jpg,90.1525,55.1903132975,90.37875,54.8063223508
../../tmm_dataset_sharing/datasets/test/image\94673.jpg,94.0116666667,80.5237092497,94.1145833333,80.0165877463
../../tmm_dataset_sharing/datasets/test/image\95372.jpg,94.9575,84.301278121,96.2566666667,89.0641533096
../../tmm_dataset_sharing/datasets/test/image\9579.jpg,90.9804166667,69.3568135984,90.9654166667,68.6860768263
../../tmm_dataset_sharing/datasets/test/image\97001.jpg,95.195,87.7137644712,95.8679166667,89.2879544263
../../tmm_dataset_sharing/datasets/test/image\9779.jpg,93.1525,71.7359817918,94.89125,79.5581045904
../../tmm_dataset_sharing/datasets/test/image\98034.jpg,90.6529166667,71.1741899536,91.3695833333,72.580945581
../../tmm_dataset_sharing/datasets/test/image\98768.jpg,91.96125,68.8267838256,92.8504166667,70.9302693301
../../tmm_dataset_sharing/datasets/test/image\99600.jpg,97.0991666667,89.2098076167,97.795,92.0119503878
../../tmm_dataset_sharing/datasets/test/image\99611.jpg,85.2570833333,31.9625876851,84.4320833333,26.6615025489
